scenario,replication,seed,total_arrivals,fresh_arrivals,recertification_arrivals,short_redial_arrivals,long_redial_arrivals,service_successes,service_failures,abandon_lost,abandon_short,abandon_long,total_abandonments,mean_Q,mean_waiting,mean_B,mean_RS,mean_RL,utilization,average_wait_including_abandonments_minutes,average_speed_to_answer_minutes,average_time_to_abandonment_minutes,abandonment_fraction,procedural_denial_rate_per_model_day,total_arrival_rate_per_model_day,effective_arrival_rate_per_model_day,returning_call_rate_per_model_day,final_Q,final_waiting,final_in_service,final_B,final_RS,final_RL,min_Q,min_B,min_RS,min_RL,max_in_service,abandonments_per_fresh_arrival,abandonments_per_external_arrival,redial_arrivals_per_fresh_arrival,redial_arrivals_per_external_arrival,total_attempts_per_fresh_arrival,total_attempts_per_external_arrival,repeat_attempt_share,mean_attempts_before_enrollment,median_attempts_before_enrollment,p90_attempts_before_enrollment,p95_attempts_before_enrollment,max_attempts_before_enrollment,num_completed_enrollments_with_attempt_records
sinusoidal_amp_025,0,20260628,61493,30101,3055,7056,21281,18832,18938,9264,7134,7220,23618,80.72579333724795,49.06360547510919,8337.870092668845,48.59680148367736,3955.040489495181,0.9894433706918302,20.672610997094147,24.560312300950784,14.455383533013139,0.3840762363195811,193.0,1281.1041666666667,789.0625,654.0,149,117,32,14949,87,5548,0,0,0,0,32,0.7846250955117771,0.7123295934370852,0.9413972957709046,0.8546567740378815,2.0428889405667587,1.8546567740378814,0.46081667832110973,0.7730458793542906,0.0,2.0,3.0,10,18832
sinusoidal_amp_025,1,20260629,60611,29724,3120,6766,21001,18790,18919,9084,6831,6901,22816,78.86004214745125,47.12192425892045,8268.913049095992,47.44859519808387,3947.9386504872787,0.9918161840165292,20.153272885685602,23.860988516341585,14.024881762644828,0.37643332068436425,189.25,1262.7291666666667,787.3958333333334,643.4791666666666,115,83,32,14822,86,5521,0,0,0,0,32,0.7675952092585117,0.6946778711484594,0.9341609473825865,0.8454207770064548,2.0391266316781054,1.8454207770064548,0.45811816336968536,0.7568919638105375,0.0,2.0,3.0,10,18790
sinusoidal_amp_025,2,20260630,61595,30172,3120,7027,21276,18856,18721,9611,7104,7198,23913,81.44025000888276,49.777027722685794,8342.599763745642,48.19518080705817,3950.3480995209047,0.9894756964436796,20.95196573262637,25.004991741567597,14.580987827299072,0.38822956408799414,200.22916666666666,1283.2291666666667,785.0416666666666,654.6458333333334,125,93,32,14941,82,5298,0,0,0,0,32,0.7925560121967387,0.7182806680283551,0.938055150470635,0.8501441787816892,2.0414622829113087,1.8501441787816892,0.4595015829206916,0.7546669495120917,0.0,2.0,3.0,10,18856
sinusoidal_amp_025,3,20260631,60643,29901,3100,6782,20860,18967,18647,9187,6846,6908,22941,79.51828098677655,47.90063420997985,8392.020168361752,47.29415456302974,3946.351642638194,0.9880514617749075,20.47149759415272,24.29872882571183,14.1963798772326,0.3782959286314991,191.39583333333334,1263.3958333333333,785.4583333333334,640.4583333333334,131,99,32,14974,76,5376,0,0,0,0,32,0.7672318651550115,0.6951607527044635,0.9244506872679843,0.8376109814854096,2.0281261496271026,1.8376109814854096,0.4558151806473954,0.7517794063373228,0.0,2.0,3.0,8,18967
sinusoidal_amp_025,4,20260632,60800,29829,3096,6873,21002,18596,18810,9364,6947,7009,23320,80.6296309456898,48.942388837195345,8287.050185652963,46.66505141783804,3925.7384070732023,0.9902263158904355,20.861029935758225,24.74432821543964,14.63209959914745,0.38355263157894737,195.08333333333334,1266.6666666666667,780.8333333333334,645.2291666666666,118,86,32,14653,86,5507,0,0,0,0,32,0.7817895336752825,0.7082763857251329,0.9344932783532803,0.8466211085801063,2.0382848905427604,1.8466211085801063,0.4584703947368421,0.7593568509356851,0.0,2.0,3.0,11,18596
sinusoidal_amp_025,5,20260633,61625,30048,3118,7190,21269,18781,19042,9504,7261,6948,23713,80.37996250957379,48.7240974180307,8330.91850013476,48.95712291457473,3944.3362051272766,0.9892457841107699,20.49077872298364,24.271928886630498,14.45972222909358,0.3847951318458418,198.0,1283.8541666666667,789.8333333333334,657.8541666666666,144,112,32,14852,82,5379,0,0,0,0,32,0.7891706602768903,0.7149791955617198,0.9471179446219382,0.8580775492974733,2.0508852502662407,1.8580775492974733,0.46180933062880325,0.759437729620361,0.0,2.0,3.0,11,18781
sinusoidal_amp_025,6,20260634,60817,29745,3218,6946,20908,18809,18855,9258,7009,6810,23077,79.6504812831479,47.960463251766576,8389.382035023762,48.38794202214681,3913.004222865293,0.9903130634806524,20.44103527127638,24.25173341916479,14.221590150937125,0.37944982488448953,192.875,1267.0208333333333,786.25,647.3333333333334,121,89,32,14782,72,5419,0,0,0,0,32,0.7758278702302908,0.7000879774292389,0.9364262901327954,0.8450080393168098,2.044612539922676,1.8450080393168098,0.45799694164460597,0.7543197405497368,0.0,2.0,3.0,10,18809
sinusoidal_amp_025,7,20260635,60150,29565,3116,6733,20736,18861,18706,8975,6813,6709,22497,78.59297632699882,46.903405201429955,8424.530720131545,46.8896902642039,3838.262590434413,0.9902990976740389,20.21549898936833,23.870481511506473,14.112163948733421,0.3740149625935162,186.97916666666666,1253.125,784.4375,637.1875,123,91,32,14929,85,5327,0,0,0,0,32,0.760933536276002,0.6883816284691411,0.9291053610688313,0.8405189559682996,2.034500253678336,1.8405189559682997,0.4566749792186201,0.7518689358994751,0.0,2.0,3.0,9,18861
sinusoidal_amp_025,8,20260636,61275,29860,3012,7128,21275,18472,18746,9558,7179,7253,23990,81.49833144096381,49.8958256296857,8137.746736841097,49.50287388556734,3951.6406381207466,0.9875783066024688,21.10402347515108,25.24917953328742,14.673243226225765,0.3915136678906569,199.125,1276.5625,776.7708333333334,654.4791666666666,120,88,32,14621,73,5361,0,0,0,0,32,0.803415941058272,0.729800438062789,0.9512056262558607,0.8640484302750061,2.052076356329538,1.864048430275006,0.46353325173398613,0.7774469467301862,0.0,2.0,3.0,11,18472
sinusoidal_amp_025,9,20260637,60647,29583,3003,6934,21127,18636,18653,9280,7024,6989,23293,80.27001429672097,48.652148944504965,8236.696562317193,47.39691890786268,3896.4026668387237,0.9880582922567266,20.796839196475283,24.68545524788967,14.571681254553198,0.38407505729879465,193.33333333333334,1263.4791666666667,778.2083333333334,647.1666666666666,116,84,32,14729,96,5193,0,0,0,0,32,0.7873778859480107,0.7148161787270607,0.9485515329750195,0.8611366844657214,2.0500625359158975,1.8611366844657216,0.4626939502366152,0.7747907276239536,0.0,2.0,3.0,10,18636
sinusoidal_amp_025,10,20260638,60762,29740,3067,7019,20936,18633,18688,9252,7078,7030,23360,80.26502531313851,48.60735011426937,8254.89659850114,48.849746762351195,3935.7888198712003,0.9893023499645995,20.73138051226477,24.65884782878605,14.456679839324238,0.38445080807083376,192.75,1265.875,779.2083333333334,646.2916666666666,131,99,32,14763,72,5428,0,0,0,0,32,0.7854741089441829,0.7120431615204073,0.9399798251513114,0.8521047337458469,2.0431069266980497,1.852104733745847,0.4600737302919588,0.7724467342886278,0.0,2.0,3.0,10,18633
sinusoidal_amp_025,11,20260639,61160,30004,3118,6911,21127,18838,18776,9342,6990,7143,23475,80.56097191310151,48.918772864293906,8393.277323994962,48.06541312219998,3939.1572353455754,0.9888187202752329,20.734143909281993,24.583706486148248,14.565988562477001,0.38382930019620665,194.625,1274.1666666666667,785.1041666666666,649.0833333333334,109,77,32,14870,84,5452,0,0,0,0,32,0.7823956805759232,0.7087434333675503,0.9344754032795627,0.8465068534508786,2.0383948806825756,1.8465068534508786,0.458436886854153,0.7548041193332625,0.0,2.0,3.0,13,18838
sinusoidal_amp_025,12,20260640,60700,29698,3085,6812,21105,18770,18791,9223,6870,6960,23053,79.92769903343277,48.27945219268306,8245.146521425208,46.857355502961035,3952.29041245895,0.9890077137734311,20.611961358671202,24.492392836536403,14.289448595035456,0.3797858319604613,192.14583333333334,1264.5833333333333,784.3125,645.875,128,96,32,14789,72,5353,0,0,0,0,32,0.7762475587581655,0.7031998291797578,0.9400296316250253,0.8515694109752006,2.04390868071924,1.8515694109752006,0.4599176276771005,0.7727224294086308,0.0,2.0,3.0,10,18770
sinusoidal_amp_025,13,20260641,60359,29715,3102,6793,20749,18624,18656,9182,6865,6961,23008,79.60024655361076,47.95017459472873,8319.63634744927,47.29044804336584,3895.9501342527205,0.989064748715045,20.59362911078004,24.361780351408996,14.488071120053018,0.3811859043390381,191.29166666666666,1257.4791666666667,778.1458333333334,638.4166666666666,113,81,32,14682,77,5481,0,0,0,0,32,0.7742890795894329,0.7011000396136149,0.926871950193505,0.8392601395618124,2.0312636715463572,1.8392601395618124,0.45630311966732384,0.7530068728522337,0.0,2.0,3.0,10,18624
sinusoidal_amp_025,14,20260642,60682,30061,3093,6829,20699,19066,18567,9306,6888,6792,22986,79.63411766986077,47.96269723304405,8452.464951810121,48.00437720127355,3886.4386169383283,0.9897318886505285,20.492751079395653,24.366715825917225,14.150241930094065,0.3787943706535711,193.875,1264.2083333333333,785.3333333333334,637.9375,96,64,32,15087,83,5360,0,0,0,0,32,0.7646452213831875,0.693310007842191,0.9157379994012175,0.8303070519394341,2.0186287881308007,1.8303070519394342,0.4536435845885106,0.7510752124200147,0.0,2.0,3.0,11,19066
sinusoidal_amp_025,15,20260643,60056,29476,3113,6649,20818,18802,18674,8983,6727,6784,22494,78.54226193994644,46.88510065610302,8372.077385248382,45.480348470802745,3892.817458387419,0.9892862901200866,20.235642299453964,23.80397984671056,14.290633945182236,0.37455041960836555,187.14583333333334,1251.1666666666667,782.5416666666666,637.0833333333334,127,95,32,14896,88,5303,0,0,0,0,32,0.7631293255529923,0.6902329006720059,0.9318428552042339,0.842830402896683,2.0374542000271405,1.8428304028966829,0.4573564672971893,0.7618338474630358,0.0,2.0,3.0,9,18802
sinusoidal_amp_025,16,20260644,59917,29500,2984,6730,20703,18642,18533,8955,6800,6908,22663,78.2970191582014,46.719546741150936,8267.75965171765,46.8163745398831,3916.579889674658,0.9867960130328246,20.217437173778276,23.90296979967905,14.17191472009336,0.3782398985262947,186.5625,1248.2708333333333,776.125,633.6875,111,79,32,14819,71,5372,0,0,0,0,32,0.7682372881355932,0.697666543529122,0.9299322033898305,0.8445080655091738,2.031084745762712,1.8445080655091737,0.45785002586911894,0.7504559596609806,0.0,2.0,3.0,10,18642
sinusoidal_amp_025,17,20260645,60356,29493,3154,6791,20918,18646,18538,9275,6887,6944,23106,80.08635540548998,48.53327089473546,8247.147923877686,47.07395174312986,3892.6609756189887,0.9860338909610641,20.846023072460717,24.77211331778396,14.527848586089231,0.38282855059977466,193.22916666666666,1257.4166666666667,776.0416666666666,642.9791666666666,102,70,32,14771,102,5250,0,0,0,0,32,0.7834401383379107,0.7077526265813091,0.9395110704234904,0.8487456734156278,2.0464517004034857,1.8487456734156278,0.45909271654847905,0.7553898959562373,0.0,2.0,3.0,9,18646
sinusoidal_amp_025,18,20260646,60498,29643,3034,6927,20894,18479,18826,9156,7023,6880,23059,79.76545266436626,48.18093601797154,8253.4077069093,47.735390068660706,3892.567000882747,0.9870161451998579,20.637777315017246,24.34708158517378,14.636840769712183,0.3811530959701147,190.75,1260.375,779.9791666666666,642.8125,168,136,32,14642,103,5440,0,0,0,0,32,0.7778902270350504,0.7056645346880068,0.9385352359747664,0.8513939468127429,2.0408865499443376,1.851393946812743,0.4598664418658468,0.767357540992478,0.0,2.0,3.0,10,18479
sinusoidal_amp_025,19,20260647,60718,29709,3060,7024,20925,18607,18579,9390,7094,6986,23470,80.92877760217584,49.292251875982295,8296.89581927237,48.324340596410515,3884.194308907638,0.9886414289435458,21.04567929633723,25.099801051348713,14.622305986500969,0.3865410586646464,195.625,1264.9583333333333,776.0,646.0208333333334,119,87,32,14719,82,5320,0,0,0,0,32,0.7899962974182908,0.716225701119961,0.9407586926520582,0.8529097622753212,2.043757783836548,1.8529097622753212,0.4603083105504134,0.7701402697909389,0.0,2.0,3.0,10,18607
sinusoidal_amp_025,20,20260648,61408,30005,3192,6908,21303,18756,18771,9528,6994,7265,23787,81.35815111546474,49.68226064799706,8257.56734298818,48.309289707154505,4001.410507619741,0.9898715771083385,20.975341150963875,24.948373237588143,14.707380705563072,0.3873599531005732,198.5,1279.3333333333333,783.7708333333334,654.2291666666666,127,95,32,14656,89,5430,0,0,0,0,32,0.7927678720213298,0.7165406512636684,0.9402099650058323,0.8498057053348194,2.0465922346275622,1.8498057053348194,0.45940268368942155,0.7536255065045852,0.0,2.0,3.0,9,18756
sinusoidal_amp_025,21,20260649,60013,29474,3024,6805,20710,18698,18570,9133,6874,6666,22673,78.94289020977,47.2876198350736,8339.404727653095,47.07913903586279,3867.4842366951925,0.989227199209202,20.42960675578165,24.10116891607891,14.394596894274194,0.3778014763467915,190.27083333333334,1250.2708333333333,777.9166666666666,636.2291666666666,125,93,32,14843,76,5207,0,0,0,0,32,0.769254257990093,0.6976737029971075,0.9335346407002783,0.8466674872299834,2.036133541426342,1.8466674872299833,0.45848399513438753,0.7672478339929404,0.0,2.0,3.0,11,18698
sinusoidal_amp_025,22,20260650,60914,29597,3180,6979,21158,18700,18842,9195,7060,7027,23282,79.78717834300322,48.1671284583574,8257.383055954522,48.01908865377745,3947.058038510598,0.9881265588951803,20.493318708121585,24.287875874536198,14.374631948326993,0.38221098598023445,191.5625,1269.0416666666667,784.0,652.4375,129,97,32,14703,90,5415,0,0,0,0,32,0.7866337804507214,0.7103151600207462,0.9506706760820354,0.8584373188516338,2.058113998040342,1.8584373188516337,0.46191351741799913,0.7694652406417112,0.0,2.0,3.0,11,18700
sinusoidal_amp_025,23,20260651,60863,29736,3174,6903,21050,18841,18715,9252,6975,7033,23260,80.04143275584251,48.507927467082645,8364.190356081772,47.80259595035712,3930.052206204688,0.985422040273748,20.661386631364344,24.463913066022403,14.521761404364419,0.3821697911703334,192.75,1267.9791666666667,783.3958333333334,648.4791666666666,99,67,32,14860,86,5366,0,0,0,0,32,0.7822168415388754,0.7067760559100578,0.9400390099542641,0.8493770890306898,2.0467783158461126,1.8493770890306898,0.4592773934902979,0.7557985244944536,0.0,2.0,3.0,9,18841
sinusoidal_amp_025,24,20260652,59916,29702,3038,6453,20723,18895,18721,8958,6535,6734,22227,78.30570478941253,46.677099415834924,8345.174285785273,45.43640999644046,3902.952485049915,0.9883939179243124,20.191578699358306,23.74340034756224,14.18063151265568,0.3709693570999399,186.625,1248.25,785.1875,629.4583333333334,130,98,32,14963,92,5389,0,0,0,0,32,0.7483334455592217,0.6788943188759927,0.9149552218705811,0.8300549786194258,2.0172378964379503,1.8300549786194258,0.45356832899392485,0.7480815030431331,0.0,2.0,3.0,9,18895
sinusoidal_amp_025,25,20260653,61062,30070,3050,6913,21029,18688,18790,9561,6969,6976,23506,80.85793311865221,49.17613193128978,8308.547577547706,46.47283625457958,3942.7365717741905,0.9900562871051154,20.867868960031803,24.84222655797866,14.531147524830065,0.38495299859159543,199.1875,1272.125,782.4166666666666,645.6666666666666,129,97,32,14838,66,5394,0,0,0,0,32,0.7817093448619887,0.7097222222222223,0.9292317924842035,0.8436594202898551,2.03066178915863,1.843659420289855,0.45760047165176376,0.7634310787671232,0.0,2.0,3.0,10,18688
sinusoidal_amp_025,26,20260654,60349,29647,3082,6700,20920,18782,18738,9117,6780,6834,22731,78.9237333170956,47.3454927200429,8342.801671937723,46.8608553907975,3894.9869252110107,0.986820018657871,20.334147854024128,23.917821063879746,14.41890352540758,0.37665909957082966,189.9375,1257.2708333333333,783.7083333333334,639.625,134,102,32,14839,89,5358,0,0,0,0,32,0.7667217593685701,0.6945216780225488,0.9316288325968901,0.8438999052827767,2.035585388066246,1.8438999052827767,0.45767121244759645,0.7580662336279417,0.0,2.0,3.0,10,18782
sinusoidal_amp_025,27,20260655,60924,29820,3031,6971,21102,18587,18665,9335,7033,7196,23564,80.53501369339361,48.89574887552303,8276.071296805972,47.69956219912905,3940.1267839205266,0.9887270255584748,20.797460691087252,24.81097494897248,14.452551798932248,0.38677696802573697,194.47916666666666,1269.25,778.3333333333334,648.0,146,114,32,14694,71,5403,0,0,0,0,32,0.7902079141515761,0.7172993211774376,0.9414151576123407,0.8545554168822866,2.0430583501006034,1.8545554168822866,0.4607872102947935,0.7610157637058159,0.0,2.0,3.0,10,18587
sinusoidal_amp_025,28,20260656,60347,29643,3122,6887,20695,18792,18617,9064,6961,6815,22840,79.18574172392249,47.585844561415804,8296.458997447531,47.11803886486778,3927.1232925333284,0.9874967863283662,20.447133780438538,24.109137764789494,14.449079093285764,0.37847780337050724,188.83333333333334,1257.2291666666667,781.3958333333334,639.6666666666666,129,97,32,14808,79,5399,0,0,0,0,32,0.770502310832237,0.6970853044407141,0.930472624228317,0.8418129101175035,2.0357925985898864,1.8418129101175034,0.4570566888163455,0.7519689229459344,0.0,2.0,3.0,10,18792
sinusoidal_amp_025,29,20260657,60356,29585,3110,6888,20773,18560,18620,9308,6951,6835,23094,79.7037515754103,48.1176176962879,8285.443728536047,47.74175106690668,3905.4548042859356,0.9870666837225879,20.667574797061107,24.53958807898412,14.433858081814826,0.38262973026708197,193.91666666666666,1257.4166666666667,776.2916666666666,641.0625,115,83,32,14625,65,5358,0,0,0,0,32,0.7805982761534561,0.7063465361676097,0.9349670441101909,0.8460315032879645,2.040087882372824,1.8460315032879646,0.45829743521770827,0.7626077586206896,0.0,2.0,3.0,10,18560
sinusoidal_amp_025,30,20260658,60918,29808,3091,7031,20988,18757,18643,9287,7102,7067,23456,80.49127772078431,48.83902543984072,8306.146169215559,48.85153433661868,3935.2166909965435,0.9891328837795074,20.785695741588334,24.77996361029766,14.416936435239043,0.3850421878590893,193.47916666666666,1269.125,780.4583333333334,648.125,95,63,32,14902,76,5374,0,0,0,0,32,0.7869028448738594,0.7129699990881182,0.9399825550187869,0.8516672239277789,2.043679549114332,1.851667223927779,0.45994615712925574,0.7722983419523378,0.0,2.0,3.0,9,18757
sinusoidal_amp_025,31,20260659,60138,29566,3124,6641,20807,18688,18842,9146,6702,6678,22526,79.11458145101571,47.58372550225959,8383.140612865342,46.53296312566829,3886.104749692519,0.9853392483986149,20.511682749133836,24.25125003815808,14.281284082833572,0.3745718181515847,190.54166666666666,1252.875,783.5833333333334,636.9166666666666,118,86,32,14838,68,5366,0,0,0,0,32,0.7618886558885206,0.6890792291220557,0.9283636609619157,0.8396451514224533,2.0340255699113845,1.8396451514224534,0.45641690777877547,0.7467893835616438,0.0,2.0,3.0,9,18688
sinusoidal_amp_025,32,20260660,60170,29491,3146,6730,20803,18672,18834,8976,6813,6799,22588,78.59871182357347,47.08583991476079,8283.859353707665,47.096597612307924,3909.935271719849,0.9847772471504186,20.28820923015566,23.88554650174062,14.314890253471708,0.375403024763171,187.0,1253.5416666666667,782.9583333333334,639.1458333333334,107,75,32,14704,88,5448,0,0,0,0,32,0.7659285883828965,0.6920979256671875,0.9336068631107796,0.843613077182339,2.040283476314808,1.8436130771823391,0.45758683729433275,0.7532133676092545,0.0,2.0,3.0,9,18672
sinusoidal_amp_025,33,20260661,60741,29686,3085,6951,21019,18726,18764,9217,7014,6966,23197,80.39131232256356,48.712206977525135,8270.731931953664,48.6539548097954,3920.5679522729683,0.9899720420324131,20.788756499656483,24.732421130194716,14.415174269244002,0.3819001992064668,192.02083333333334,1265.4375,782.1666666666666,646.9791666666666,97,65,32,14816,70,5321,0,0,0,0,32,0.7814121134541535,0.7078514540294772,0.9421949740618474,0.853498520032956,2.046116014282827,1.853498520032956,0.46047974185476037,0.7698387269037702,0.0,2.0,3.0,10,18726
sinusoidal_amp_025,34,20260662,60463,29713,3098,6805,20847,18642,18714,9282,6870,6894,23046,79.14166572094659,47.53576984787802,8258.806591270853,47.352204744289956,3944.10087930441,0.9876842460333491,20.377830812290064,24.132485422286518,14.291790822225511,0.3811587251707656,193.375,1259.6458333333333,779.5208333333334,640.625,123,91,32,14746,73,5434,0,0,0,0,32,0.775620098946589,0.7023863948066197,0.9306364217682496,0.8427661454999847,2.034900548581429,1.8427661454999849,0.4573375452756231,0.7498122519043021,0.0,2.0,3.0,10,18642
sinusoidal_amp_025,35,20260663,60782,29605,3127,6913,21137,18685,18753,9283,6986,7016,23285,80.47737693545474,48.79753284917325,8350.014890222288,47.71835740621418,3920.447212594556,0.989995127696296,20.81161371099137,24.826627494205468,14.356209544533598,0.3830903886018887,193.39583333333334,1266.2916666666667,781.1875,649.5208333333334,116,84,32,14804,84,5287,0,0,0,0,32,0.7865225468670832,0.7113833557375046,0.9474750886674548,0.8569595502871807,2.0530991386590105,1.8569595502871807,0.46148530815043926,0.7706181428953707,0.0,2.0,3.0,10,18685
sinusoidal_amp_025,36,20260664,60010,29611,3153,6612,20634,18705,18662,9132,6688,6720,22540,78.57762500431154,46.99129316782048,8349.376794185288,46.32418657082712,3881.460303784456,0.9870728698903419,20.297208303541453,23.87326924516021,14.368467339595068,0.3756040659890018,190.25,1250.2083333333333,780.625,633.3125,133,101,32,14617,82,5423,0,0,0,0,32,0.7612036067677552,0.687950189232084,0.9201310323866131,0.8315834452447809,2.0266117321265744,1.8315834452447808,0.4540243292784536,0.733974873028602,0.0,2.0,3.0,9,18705
sinusoidal_amp_025,37,20260665,59896,29488,3118,6548,20742,18985,18660,8895,6619,6646,22160,77.54133066720088,45.94478784624479,8392.589377662058,45.603997285909195,3871.8640749651786,0.9873919631548874,19.882261974204834,23.4229637320275,13.867383017831443,0.3699746226793108,185.3125,1247.8333333333333,786.1666666666666,633.5,127,95,32,15046,75,5202,0,0,0,0,32,0.7514921323928377,0.6796295160399927,0.9254612045577862,0.8369625222351714,2.031199131850244,1.8369625222351715,0.4556230800053426,0.7483803002370293,0.0,2.0,3.0,12,18985
sinusoidal_amp_025,38,20260666,60154,29691,3106,6660,20697,18677,18626,9243,6749,6792,22784,78.98599640357347,47.33171151565583,8289.46510806274,46.681402150392046,3887.2543900367327,0.9891964027474153,20.398925384535346,24.101344898655626,14.337155935130992,0.37876117963892675,192.5625,1253.2083333333333,778.5416666666666,634.6458333333334,112,80,32,14747,97,5402,0,0,0,0,32,0.7673705836785558,0.6946976857639419,0.9213903202990805,0.8341311705338903,2.0260011451281534,1.8341311705338903,0.4547827243408585,0.7481394228195106,0.0,2.0,3.0,9,18677
sinusoidal_amp_025,39,20260667,60537,29649,3066,6852,20970,18570,18920,9171,6934,6862,22967,79.28754992729402,47.722854942353415,8246.97948003969,48.51891632924991,3948.4388226412107,0.9863967182794133,20.437008253591745,24.108730292900894,14.443501950909639,0.37938781241224373,191.0625,1261.1875,782.7083333333334,643.5,118,86,32,14650,94,5471,0,0,0,0,32,0.7746298357448818,0.7020327067094605,0.9383790347060609,0.8504355800091701,2.0417889304866943,1.85043558000917,0.45958669904356014,0.7525040387722133,0.0,2.0,3.0,10,18570
sinusoidal_amp_025,40,20260668,61645,30095,3059,7231,21260,18553,18741,9783,7310,7203,24296,82.27511347875362,50.69128931184557,8223.727480853158,49.82609502037473,3932.2464154813442,0.9869945052158463,21.321633943995867,25.562287674988195,14.812293301765553,0.394127666477411,203.8125,1284.2708333333333,778.1041666666666,657.2916666666666,92,60,32,14675,85,5350,0,0,0,0,32,0.807310184416016,0.7328225855100441,0.9467021099850473,0.8593533208662605,2.048346901478651,1.8593533208662605,0.4621786032930489,0.7651053737939956,0.0,2.0,3.0,10,18553
sinusoidal_amp_025,41,20260669,60873,29842,3082,7016,20933,18741,18605,9245,7094,7105,23444,80.18388218175139,48.52269714440425,8311.243074070819,47.98335069913197,3936.618014552067,0.989412032417088,20.66711837430101,24.57172626032934,14.447126644578516,0.3851296962528543,192.60416666666666,1268.1875,779.7708333333334,646.4791666666666,115,83,32,14843,85,5450,0,0,0,0,32,0.7856041820253334,0.7120641477341757,0.9365659138127471,0.8488944235208359,2.0398431740499965,1.8488944235208358,0.45913623445534146,0.7604716930793447,0.0,2.0,3.0,11,18741
sinusoidal_amp_025,42,20260670,61357,30098,3074,7149,21036,18809,18508,9626,7227,7118,23971,81.29548421566703,49.67621022323413,8346.272934741108,50.054331119663765,3920.4627845549403,0.988102312263499,20.98000384975147,24.999462925221824,14.722686494642081,0.3906807699203025,200.54166666666666,1278.2708333333333,778.875,651.2291666666666,119,87,32,14868,88,5288,0,0,0,0,32,0.7964316565884776,0.7226275171831665,0.9364409595321949,0.8496623658507175,2.038573991627351,1.8496623658507174,0.4593607901298955,0.7594236801531182,0.0,2.0,3.0,10,18809
sinusoidal_amp_025,43,20260671,60216,29706,3091,6536,20883,18905,18832,9046,6639,6695,22380,78.45551267711741,46.86478119220906,8381.972012017626,45.73259006394694,3897.1540543665233,0.9872103589033726,20.179172529070367,23.839106168269506,14.006673186892874,0.3716620167397369,188.45833333333334,1254.5,788.25,635.625,124,92,32,15022,106,5289,0,0,0,0,32,0.7533831549181983,0.682379485928591,0.9230121860903521,0.8360215873403055,2.027065239345587,1.8360215873403054,0.45534409459279923,0.7541920126950542,0.0,2.0,3.0,12,18905
sinusoidal_amp_025,44,20260672,60123,29705,3087,6644,20687,18962,18734,8893,6709,6768,22370,78.22874417110903,46.619826081433,8492.960304360791,46.27746770074782,3880.1007902989754,0.9877786903023483,20.09934447838155,23.609372174420802,14.184547695641465,0.3720705886266487,185.27083333333334,1252.5625,786.5208333333334,633.7083333333334,107,75,32,15024,82,5456,0,0,0,0,32,0.7530718734219828,0.6821785801414979,0.9200807944790439,0.8334654793852159,2.0240026931493014,1.8334654793852159,0.4545847678924871,0.7310937664803291,0.0,2.0,3.0,11,18962
sinusoidal_amp_025,45,20260673,60313,29654,3188,6578,20893,18942,18945,8945,6645,6771,22361,78.60622442521493,46.958235430441704,8366.743379455856,45.632994061647686,3947.6984627559364,0.988999656086714,20.184912041710977,23.645671947492083,14.321229265881247,0.37074925803723907,186.35416666666666,1256.5208333333333,790.6666666666666,638.7291666666666,115,83,32,14853,82,5495,0,0,0,0,32,0.7540635327443178,0.6808659643139882,0.9263842989141431,0.8364594117288837,2.0338908747555138,1.8364594117288837,0.4554739442574569,0.742107486009925,0.0,2.0,3.0,9,18942
sinusoidal_amp_025,46,20260674,60978,29917,3085,6927,21049,18697,18712,9390,6994,7114,23498,80.57517979697782,48.87750890413591,8315.802251753476,48.89765664572521,3971.947237892335,0.990552215401317,20.780050608260538,24.61077076164415,14.681514127797186,0.38535209419790745,195.625,1270.375,780.8333333333334,647.1041666666666,114,82,32,14816,80,5463,0,0,0,0,32,0.7854397165491193,0.7120174534876674,0.9351205000501387,0.8477061996242652,2.038239128254838,1.8477061996242652,0.45878841549411264,0.7618869337326843,0.0,2.0,3.0,11,18697
sinusoidal_amp_025,47,20260675,61150,30066,3079,6916,21089,18959,18640,9357,6997,7131,23485,80.59834069307755,48.859331323903234,8396.824932460137,48.56563859808014,3955.538274843797,0.9918440427866587,20.712093691115523,24.741741940557716,14.260710061957457,0.3840556009811938,194.9375,1273.9583333333333,784.6875,647.5833333333334,113,81,32,15011,89,5374,0,0,0,0,32,0.7811148805960221,0.7085533262935586,0.9314508082219118,0.8449238195806306,2.0338588438768044,1.8449238195806306,0.4579721995094031,0.7569492061817606,0.0,2.0,3.0,10,18959
sinusoidal_amp_025,48,20260676,60444,29697,2979,6841,20927,18564,18757,9254,6902,6901,23057,80.12575689119909,48.54607499431963,8227.849521364924,47.87741514755148,3948.8227968136894,0.9868650592775179,20.824315157154807,24.73000938783852,14.502399279835679,0.38146052544504006,192.79166666666666,1259.25,778.8958333333334,640.5625,105,73,32,14731,71,5433,0,0,0,0,32,0.7764083914200087,0.7056249234912474,0.9350439438327104,0.8497980168931326,2.0353571067784624,1.8497980168931325,0.4594004367679174,0.7575414781297134,0.0,2.0,3.0,11,18564
sinusoidal_amp_025,49,20260677,60514,29757,3048,6808,20901,18674,18857,9269,6875,6781,22925,79.7642349681042,48.11425828324382,8154.120661463864,46.555724145517416,3950.0616149029847,0.9890617714019089,20.612247901107487,24.39369908207128,14.421554584956901,0.37883795485342237,193.10416666666666,1260.7083333333333,783.1041666666666,640.7708333333334,106,74,32,14780,76,5382,0,0,0,0,32,0.7704069630675136,0.6988263984148758,0.9311758577813624,0.8446578265508307,2.033605538192694,1.8446578265508307,0.45789404104835246,0.7573631787512048,0.0,2.0,3.0,10,18674
sinusoidal_amp_025,50,20260678,60243,29665,3233,6600,20745,18989,18585,9091,6684,6824,22599,78.26417886001838,46.6605719065624,8395.901741691194,45.459720737025116,3883.386492274684,0.9876127172954666,20.075819992681346,23.469956248496107,14.432593492571435,0.3751307205816443,189.39583333333334,1255.0625,784.25,637.0416666666666,120,88,32,14920,93,5322,0,0,0,0,32,0.7618068430810719,0.6869414554076235,0.9217933591774818,0.8312055444099945,2.0307770099443787,1.8312055444099946,0.4539116577859668,0.7345831797356365,0.0,2.0,3.0,9,18989
sinusoidal_amp_025,51,20260679,60279,29713,3093,6732,20741,18816,18715,9097,6804,6752,22653,79.00109746003446,47.40028602511948,8314.434239441329,47.2786708570317,3917.4934943780754,0.9875253573411111,20.386893276543713,24.05710559625616,14.306164959273246,0.3758025182899517,189.52083333333334,1255.8125,783.875,636.7916666666666,131,99,32,14843,82,5354,0,0,0,0,32,0.7623935651061825,0.6905139303785893,0.9246121226399219,0.8374382734865573,2.028707972941137,1.8374382734865573,0.4557640305910848,0.7534013605442177,0.0,2.0,3.0,10,18816
sinusoidal_amp_025,52,20260680,60884,29746,3089,6856,21193,18768,18907,9168,6933,7035,23136,80.29422706660118,48.678095057009564,8282.181877526657,47.63464980410587,3969.190097954274,0.9880041252997437,20.72011524230938,24.583907093824713,14.428260210936626,0.3800013139741147,191.0,1268.4166666666667,786.4166666666666,648.7083333333334,114,82,32,14816,83,5407,0,0,0,0,32,0.7777852484367646,0.7046139789858383,0.9429503126470786,0.8542409014770824,2.0467962078934985,1.8542409014770824,0.4606957492937389,0.7705669224211423,0.0,2.0,3.0,11,18768
sinusoidal_amp_025,53,20260681,60435,29769,3110,6784,20772,18768,18644,9148,6851,6954,22953,79.88532185586207,48.154779076957006,8374.268842219919,46.58995506121315,3951.1092941766615,0.991579461840827,20.657713134189635,24.503233030354195,14.3897485824836,0.3797964755522462,190.58333333333334,1259.0625,780.875,638.875,107,75,32,14796,72,5523,0,0,0,0,32,0.7710369847828278,0.6981051735150096,0.9256609224360912,0.8381033486419903,2.03013201652726,1.8381033486419904,0.4559609497807562,0.7437659846547314,0.0,2.0,3.0,10,18768
sinusoidal_amp_025,54,20260682,61655,30027,3170,7231,21227,18752,18691,9579,7304,7235,24118,81.62237224954974,49.9312614464547,8401.914451652467,51.25103756093926,3933.7433256537556,0.9903472125967699,20.99342936204222,24.960612479279753,14.834409648188476,0.3911767091071284,199.5625,1284.4791666666667,782.0208333333334,658.9166666666666,132,100,32,14742,81,5367,0,0,0,0,32,0.8032104439337929,0.7265114317558815,0.9477470276750924,0.8572461366990993,2.0533186798547973,1.8572461366990993,0.4615684048333468,0.7621587030716723,0.0,2.0,3.0,10,18752
sinusoidal_amp_025,55,20260683,60709,29693,3069,7028,20919,18800,18735,9189,7112,6796,23097,79.93138716411147,48.26310326041473,8394.037895518159,49.04582885053846,3873.5160022404266,0.989633871990522,20.60621894067868,24.350578603762084,14.521249466122,0.3804542983742114,191.4375,1264.7708333333333,783.5833333333334,646.1666666666666,114,82,32,14927,91,5292,0,0,0,0,32,0.7778601017074731,0.7049935901349124,0.941198262216684,0.853030950491423,2.0445559559492135,1.853030950491423,0.46034360638455585,0.7608510638297873,0.0,2.0,3.0,12,18800
sinusoidal_amp_025,56,20260684,60410,29699,3106,6883,20722,18888,18640,9110,6958,6713,22781,79.00514590305995,47.38625794756019,8383.58929178037,46.7091641342382,3861.990270722677,0.9880902486093506,20.327579310625598,23.913740910053086,14.419960132217495,0.37710643933123655,189.79166666666666,1258.5416666666667,783.9375,639.8125,140,108,32,14897,85,5298,0,0,0,0,32,0.7670628640694973,0.6944368236549306,0.9294925755075929,0.8414875781130925,2.0340752213879254,1.8414875781130926,0.45696076808475417,0.7593710292249047,0.0,2.0,3.0,11,18888
sinusoidal_amp_025,57,20260685,61651,30184,3191,7113,21163,18866,18685,9617,7208,7182,24007,82.29636982177067,50.60410950084481,8379.730665539422,49.121091282188125,3958.2252627280827,0.990383135028921,21.27855283239055,25.388576086613753,14.849782756190441,0.3894016317659081,200.35416666666666,1284.3958333333333,784.25,655.5625,152,120,32,14845,102,5359,0,0,0,0,32,0.7953551550490326,0.719310861423221,0.9367877020938246,0.8472209737827715,2.0425059634243308,1.8472209737827716,0.45864625066908893,0.7618997137708047,0.0,2.0,3.0,10,18866
sinusoidal_amp_025,58,20260686,61322,29935,3160,7155,21072,18712,18731,9418,7222,7157,23797,80.76488464290087,49.10275178279755,8248.888785820964,48.76343349376446,3924.543515113444,0.989441651878222,20.75117168726475,24.795698039436814,14.387377923160944,0.3880662731156844,196.20833333333334,1277.5416666666667,781.7708333333334,653.8958333333334,136,104,32,14649,77,5461,0,0,0,0,32,0.7949557374311007,0.7190512161957999,0.9429430432603976,0.8529082943042756,2.0485050943711376,1.8529082943042756,0.46030788297837644,0.776507054296708,0.0,2.0,3.0,10,18712
sinusoidal_amp_025,59,20260687,60878,29909,3007,6946,21016,18854,18578,9261,7016,7076,23353,79.9882012443598,48.42291136940625,8305.534960661013,47.85731971291802,3961.267730036416,0.9864153085922954,20.615253280855956,24.434411580584555,14.493610088313627,0.3836032721180065,192.9375,1268.2916666666667,781.7708333333334,645.1875,131,99,32,14977,75,5310,0,0,0,0,32,0.7808017653549099,0.7094725969133552,0.934902537697683,0.8494956859885769,2.0354408372061923,1.849495685988577,0.45931206675646374,0.7538453378593402,0.0,2.0,3.0,11,18854
sinusoidal_amp_025,60,20260688,60411,29639,3043,6809,20920,18626,18633,9207,6894,6964,23065,79.39024315077648,47.81627853631344,8316.466934598666,48.11892490290192,3965.2681339424144,0.9866863942019649,20.52137703900592,24.37055970552643,14.302773366664546,0.38180132757279306,191.8125,1258.5625,778.0416666666666,641.0833333333334,115,83,32,14795,98,5345,0,0,0,0,32,0.7781976449947704,0.7057401627807356,0.9355578798205068,0.8484486873508353,2.0382266608185162,1.8484486873508352,0.4590058102001291,0.7698915494470095,0.0,2.0,3.0,10,18626
sinusoidal_amp_025,61,20260689,60329,29674,3102,6653,20900,18809,18811,9136,6724,6795,22655,78.95589536381421,47.31180836613313,8336.387561239264,47.305407314082316,3965.721717088943,0.9888777186775238,20.33053861718308,24.016238465057775,14.210210730312802,0.37552420892108274,190.33333333333334,1256.8541666666667,784.875,638.6458333333334,103,71,32,14861,81,5345,0,0,0,0,32,0.7634629642110939,0.6912069807175982,0.928523286378648,0.84064559433732,2.0330592437824357,1.84064559433732,0.45671236055628306,0.7542134084746663,0.0,2.0,3.0,10,18809
sinusoidal_amp_025,62,20260690,60688,29699,3177,7032,20780,18575,18424,9418,7114,7075,23607,80.78930335621459,49.232402644536364,8290.181642348745,48.4216047711352,3851.082073532974,0.986153147239924,21.025484514964404,25.0377879197032,14.73704406628686,0.38898958607962036,196.20833333333334,1264.3333333333333,772.5208333333334,645.6041666666666,122,90,32,14579,92,5381,0,0,0,0,32,0.7948752483248595,0.7180618080058401,0.936462507155123,0.8459666626110233,2.0434358059193913,1.8459666626110232,0.45827840759293437,0.7507940780619111,0.0,2.0,3.0,11,18575
sinusoidal_amp_025,63,20260691,60927,29775,3089,7025,21038,18492,18548,9501,7097,7218,23816,81.10031222517905,49.48156205399106,8209.62696646248,48.60011316799231,3947.7797020285993,0.9880859428496366,21.056168621170784,25.075359022278306,14.805294735672685,0.39089402071331264,197.9375,1269.3125,773.1458333333334,649.0,103,71,32,14621,84,5387,0,0,0,0,32,0.7998656591099916,0.7246835443037974,0.9425020990764064,0.8539130963972736,2.0462468513853906,1.8539130963972736,0.46060039063141134,0.7564352152282068,0.0,2.0,3.0,10,18492
sinusoidal_amp_025,64,20260692,60764,29955,3122,6957,20730,18906,18384,9327,7017,7051,23395,80.17948311502913,48.55633387713951,8458.73572718908,47.23437974752914,3897.3589763594896,0.9882234136840427,20.716903865236166,24.45048584861659,14.765355546954206,0.3850141531169772,194.3125,1265.9166666666667,778.5208333333334,641.8541666666666,108,76,32,14929,65,5360,0,0,0,0,32,0.7810048405942247,0.7072890528161563,0.9242864296444667,0.8370468905886266,2.028509430812886,1.8370468905886266,0.4556480811006517,0.7467470644239924,0.0,2.0,3.0,11,18906
sinusoidal_amp_025,65,20260693,60833,29786,3208,7001,20838,18698,18536,9498,7081,6956,23535,80.9733297817785,49.307390850104866,8272.98885076213,47.9370213139037,3879.7879618274164,0.9895605916148136,21.00509668516045,25.083476280206842,14.552817703135483,0.38687883221277924,197.875,1267.3541666666667,777.0416666666666,646.8125,108,76,32,14645,84,5332,0,0,0,0,32,0.7901363056469483,0.7133115111838516,0.9346337205398509,0.8437594714190458,2.0423353253206202,1.843759471419046,0.45762990482139626,0.7595999572146753,0.0,2.0,3.0,10,18698
sinusoidal_amp_025,66,20260694,61255,29749,3125,7116,21265,18407,18900,9410,7195,7264,23869,81.51239385371674,49.882875654462175,8196.174002351787,50.78813691860231,3995.600916974658,0.9884224437267094,21.110598970950555,25.227601128589907,14.67576720191743,0.38966614970206515,196.04166666666666,1276.1458333333333,778.875,656.375,125,93,32,14485,91,5545,0,0,0,0,32,0.8023462973545329,0.7260753178803918,0.954015261017177,0.8633266411145586,2.0590608087666813,1.8633266411145586,0.4633254428209942,0.7805726082468626,0.0,2.0,3.0,12,18407
sinusoidal_amp_025,67,20260695,61231,30015,2979,7049,21188,18706,18660,9403,7138,7228,23769,81.04167020390054,49.351716851777915,8292.0689850117,49.308562916893976,3982.6407781444454,0.9903110422538363,20.894528211368083,25.015298760329802,14.41613392159562,0.3881857229181297,195.89583333333334,1275.6458333333333,780.4583333333334,650.3333333333334,126,94,32,14850,95,5422,0,0,0,0,32,0.791904047976012,0.7204037097654119,0.9407629518574047,0.8558222707158878,2.0400133266699982,1.8558222707158878,0.4611552971534027,0.7697530204212553,0.0,2.0,3.0,10,18706
sinusoidal_amp_025,68,20260696,60493,29555,3083,6765,21090,18704,18869,9023,6842,6967,22832,78.85360540269288,47.235170675128096,8317.464614541896,46.408963720919814,3928.9648205347744,0.9880760852364016,20.236934374144848,24.097694486908015,13.883555795095685,0.37743209958176976,187.97916666666666,1260.2708333333333,784.6041666666666,644.5416666666666,129,97,32,14829,81,5400,0,0,0,0,32,0.7725257993571307,0.6995526686684234,0.9424801218068009,0.8534530302101845,2.0467941126712907,1.8534530302101844,0.460466500256228,0.7666274593669803,0.0,2.0,3.0,9,18704
sinusoidal_amp_025,69,20260697,61823,30029,3125,7301,21368,18531,18877,9625,7370,7337,24332,82.91492982815731,51.17170725303489,8191.466529296215,50.47657334783637,4003.6038392094288,0.9919757054725808,21.458384892242492,25.73189047728743,14.88830035643118,0.39357520663830614,200.52083333333334,1287.9791666666667,781.0625,662.375,117,85,32,14534,80,5498,0,0,0,0,32,0.8102833927203703,0.7339084273390842,0.9547104465683173,0.8647222054654039,2.0587765160345,1.8647222054654038,0.4637270918590169,0.7793966866332093,0.0,2.0,3.0,11,18531
sinusoidal_amp_025,70,20260698,60776,29993,3158,6824,20801,18906,18735,9340,6889,6852,23081,79.00980893394106,47.44922903156566,8297.67983685108,46.66265107716146,3899.8507055675705,0.9862681219492155,20.234566517441582,23.921844164606178,14.221273422821655,0.3797716203764644,194.58333333333334,1266.1666666666667,785.3125,641.3125,110,78,32,14868,81,5410,0,0,0,0,32,0.7695462274530723,0.696238424180266,0.9210482445904045,0.8333081958311966,2.026339479211816,1.8333081958311968,0.4545379755166513,0.7459007722416164,0.0,2.0,3.0,14,18906
sinusoidal_amp_025,71,20260699,59965,29731,3076,6575,20583,18862,18624,9032,6639,6731,22402,78.55309623559702,46.88717275412674,8367.233028888817,45.330617093277944,3885.0463534703244,0.9895601087959697,20.272720674483246,23.934902090750512,14.144509141958883,0.37358459101142333,188.16666666666666,1249.2708333333333,782.5625,629.875,108,76,32,14964,69,5399,0,0,0,0,32,0.7534896236251724,0.6828420763861371,0.913457334095725,0.8278111378669186,2.016918368033366,1.8278111378669186,0.4528975235554073,0.7466334429010709,0.0,2.0,3.0,11,18862
sinusoidal_amp_025,72,20260700,60512,29665,3143,6723,20981,18673,18697,9371,6803,6912,23086,80.13486832653432,48.471382330944245,8330.107387172186,46.45298211504746,3941.7637224585237,0.9894839373621682,20.760940103564252,24.495894876851708,14.715056889592486,0.3815111052353252,195.22916666666666,1260.6666666666667,779.7083333333334,642.6458333333334,112,80,32,14595,87,5331,0,0,0,0,32,0.7782234957020058,0.7036698366252133,0.933895162649587,0.8444281882467691,2.039844935108714,1.844428188246769,0.45782654680063456,0.7488887698816473,0.0,2.0,3.0,10,18673
sinusoidal_amp_025,73,20260701,61013,29803,3090,7112,21008,18586,18660,9433,7187,7071,23691,81.39090818382387,49.73188593911718,8352.395949240361,48.69259333447562,3902.9230832137623,0.9893444451471084,21.130539577602654,25.05911048413478,14.954204598720562,0.38829429793650533,196.52083333333334,1271.1041666666667,777.5416666666666,650.2083333333334,122,90,32,14668,89,5381,0,0,0,0,32,0.7949199744992115,0.7202444289058463,0.943529174915277,0.8548931383577053,2.047210012414858,1.8548931383577052,0.46088538508186777,0.7516948240611213,0.0,2.0,3.0,10,18586
sinusoidal_amp_025,74,20260702,60945,29977,3151,6849,20968,18825,18818,9311,6908,6990,23209,79.82008149950788,48.30032008392778,8339.082906088284,47.68201841608544,3952.2390047868807,0.9849925442369013,20.53759037909826,24.241781285007114,14.52971161348461,0.38081877102305356,193.97916666666666,1269.6875,786.1666666666666,645.1666666666666,140,108,32,14855,76,5500,0,0,0,0,32,0.7742269072955933,0.7005856073412219,0.9279447576475298,0.8396824438541415,2.0330586783200455,1.8396824438541415,0.45642792681926325,0.7588313413014608,0.0,2.0,3.0,8,18825
sinusoidal_amp_025,75,20260703,60398,29773,3128,6727,20770,18939,18778,9174,6801,6608,22583,79.072356534588,47.48833568523466,8392.866056189452,45.447630768027985,3869.3531156560734,0.9870006515422965,20.385729251482285,24.1031977683801,14.17699878822076,0.3739031093744826,191.125,1258.2916666666667,787.8125,638.0208333333334,132,100,32,14961,79,5309,0,0,0,0,32,0.7585060289524066,0.6863925108659311,0.9235548987337521,0.8357496732622108,2.028616531756961,1.835749673262211,0.4552634193185205,0.7496171920375944,0.0,2.0,3.0,10,18939
sinusoidal_amp_025,76,20260704,60545,29596,3160,6807,20982,18863,18786,9136,6881,6808,22825,79.16878254117012,47.612444535431585,8368.80619809756,47.24829754960761,3922.757424448433,0.9861355626793281,20.382153853275046,24.065635869784547,14.306385422187796,0.37699231976216036,190.33333333333334,1261.3541666666667,785.8333333333334,644.7708333333334,130,98,32,14864,90,5274,0,0,0,0,32,0.7712190836599541,0.6968189034070094,0.9389444519529666,0.8483636585663695,2.0457156372482768,1.8483636585663694,0.4589809232802048,0.7633992472035201,0.0,2.0,3.0,10,18863
sinusoidal_amp_025,77,20260705,60371,29538,3093,6671,21069,18716,18924,9130,6740,6807,22677,78.99390570111267,47.322227815368876,8247.61034981437,46.832065290190286,3964.0614816276316,0.9897399339295196,20.31913964802459,23.778571544428214,14.577065450351508,0.37562737075748287,190.20833333333334,1257.7291666666667,785.2916666666666,642.3541666666666,103,71,32,14772,76,5302,0,0,0,0,32,0.7677229331708308,0.6949526523857681,0.9391292572279775,0.8501118568232662,2.0438418308619406,1.8501118568232662,0.45949214026602175,0.7581748236802736,0.0,2.0,3.0,9,18716
sinusoidal_amp_025,78,20260706,60214,29605,3095,6631,20883,18825,18592,9025,6676,7030,22731,78.72023159286555,46.99933479052064,8274.426381975603,46.23497172689898,3931.5765188006467,0.9912780250733019,20.229531873955462,24.034015735540237,13.967054523688534,0.3775035705981998,188.02083333333334,1254.4583333333333,780.8958333333334,637.6875,121,89,32,14873,61,5400,0,0,0,0,32,0.7678094916399257,0.6951376146788991,0.9293700388447897,0.8414067278287461,2.0339131903394696,1.8414067278287463,0.4569369249676155,0.7513944223107569,0.0,2.0,3.0,11,18825
sinusoidal_amp_025,79,20260707,60440,29581,3062,6821,20976,18741,18737,9083,6885,6895,22863,79.07926837709216,47.46606527104989,8208.79121523102,46.98404232895038,3926.509917670794,0.9879125970638271,20.34496266064605,24.32698519628179,13.8174623067749,0.37827597617471875,189.22916666666666,1259.1666666666667,782.8541666666666,642.8958333333334,145,113,32,14762,81,5331,0,0,0,0,32,0.7728947635306447,0.700395184266152,0.9396910178831006,0.851545507459486,2.0432034075927117,1.851545507459486,0.45991065519523494,0.7762125820393789,0.0,2.0,3.0,9,18741
sinusoidal_amp_025,80,20260708,60054,29468,3155,6651,20780,18743,18616,9075,6733,6761,22569,78.8724046042415,47.141284280476405,8329.306475393527,46.9865537281021,3876.4060238738844,0.9915975101176145,20.344053988658317,24.039137826510252,14.22683933875527,0.37581176940753325,189.0625,1251.125,780.9375,637.2083333333334,154,122,32,14746,88,5286,0,0,0,0,32,0.7658816343151894,0.6918125249057413,0.9308741685896565,0.840848481132943,2.0379394597529523,1.840848481132943,0.4567722383188464,0.7536146828149176,0.0,2.0,3.0,9,18743
sinusoidal_amp_025,81,20260709,60113,29698,3077,6599,20739,18769,18639,9191,6686,6773,22650,78.91286415839734,47.33810103226835,8310.442489026938,45.30796582494267,3872.484698844313,0.9867113476915156,20.415323754639445,24.08878780943089,14.348350537790074,0.3767903781212051,191.47916666666666,1252.3541666666667,780.4791666666666,633.6458333333334,110,78,32,14874,96,5282,0,0,0,0,32,0.7626776213886457,0.6910755148741419,0.9205333692504546,0.8341113653699466,2.0241430399353493,1.8341113653699466,0.4547768369570642,0.7511321860514678,0.0,2.0,3.0,10,18769
sinusoidal_amp_025,82,20260710,60125,29666,3079,6680,20700,18776,18608,9115,6745,6802,22662,78.70837347136104,47.129378250260096,8289.26076196915,46.596721894712566,3873.153007443905,0.9868436006593955,20.316894961365616,23.885650676798488,14.429755094374956,0.3769147609147609,189.89583333333334,1252.6041666666667,780.4791666666666,634.5625,124,92,32,14875,76,5342,0,0,0,0,32,0.7639048068495922,0.692075125973431,0.9229420885862604,0.8361581920903954,2.0267309377738827,1.8361581920903955,0.4553846153846154,0.7563911376224968,0.0,2.0,3.0,10,18776
sinusoidal_amp_025,83,20260711,61036,30033,3090,6997,20916,18732,18607,9474,7061,7070,23605,80.8133652154175,49.17120710901994,8361.424316381712,48.02091620719287,3909.6474425042147,0.9888174408249618,20.877253575734425,24.844738539526585,14.601383164252306,0.3867389737204273,197.375,1271.5833333333333,779.8125,645.8958333333334,129,97,32,14821,76,5424,0,0,0,0,32,0.7859687676888756,0.7126468013163059,0.9294109812539539,0.8427074842254627,2.0322978057470116,1.8427074842254627,0.45732027000458747,0.7580076873798847,0.0,2.0,3.0,10,18732
sinusoidal_amp_025,84,20260712,61479,30063,3062,7140,21214,18674,18852,9564,7225,7098,23887,81.38408405430935,49.69207895234789,8333.393584061096,50.52010272480391,3987.878079106424,0.9903751594363027,20.95279438314172,25.053592887984795,14.510521820963918,0.3885391759787895,199.25,1280.8125,783.1666666666666,654.5,116,84,32,14725,88,5424,0,0,0,0,32,0.7945647473638692,0.7211169811320755,0.943152712636796,0.8559698113207547,2.0450054884742044,1.8559698113207548,0.46119813269571724,0.758755488915069,0.0,2.0,3.0,8,18674
sinusoidal_amp_025,85,20260713,60747,29649,3075,6913,21110,18783,18812,9076,6985,7029,23090,79.88491833420721,48.279458020600224,8302.425316250787,47.61882007735,3954.7739717721797,0.9876706348002525,20.60392860790306,24.250401944615515,14.666762514628719,0.3801010749502033,189.08333333333334,1265.5625,784.5208333333334,647.875,104,72,32,14839,78,5408,0,0,0,0,32,0.778778373638234,0.7055983376115389,0.9451583527269047,0.8563439677301063,2.0488718000607102,1.8563439677301063,0.4613067311966023,0.7656923814087206,0.0,2.0,3.0,10,18783
sinusoidal_amp_025,86,20260714,61837,30123,3144,7233,21337,18719,18924,9574,7312,7237,24123,82.11440980744716,50.483274805314096,8259.37235576264,49.50519592128876,4003.879327062352,0.9884729688166437,21.16255071135873,25.29556681972878,14.713140382321138,0.39010624706890695,199.45833333333334,1288.2708333333333,785.7083333333334,660.7083333333334,112,80,32,14706,82,5489,0,0,0,0,32,0.8008166517279155,0.7251330146992515,0.9484447100222422,0.8588090299696396,2.0528167845168146,1.8588090299696396,0.46202112004139917,0.7669213098990331,0.0,2.0,3.0,12,18719
sinusoidal_amp_025,87,20260715,60719,29808,3115,6768,21028,18755,18814,9233,6826,7020,23079,79.8611969616887,48.28000106289412,8379.899865390924,47.65773974707903,3938.0073836805823,0.9869123718373333,20.61212081662873,24.41433642166092,14.422708880866598,0.38009519260857394,192.35416666666666,1264.9791666666667,784.1666666666666,643.9791666666666,116,84,32,14806,72,5424,0,0,0,0,32,0.774255233494364,0.7009993014002369,0.9325013419216318,0.8442730006378519,2.0370034889962425,1.844273000637852,0.45778092524580444,0.7605438549720075,0.0,2.0,3.0,10,18755
sinusoidal_amp_025,88,20260716,61393,29985,3114,7154,21140,18564,18533,9719,7224,7276,24219,81.49162877879728,49.8736561689945,8247.06665827754,49.18048507058207,3925.7490217128593,0.9880616440563653,21.06445557226354,25.209169801510193,14.71586711847258,0.39449122864170183,202.47916666666666,1279.0208333333333,774.4583333333334,654.3333333333334,114,82,32,14653,80,5376,0,0,0,0,32,0.807703851925963,0.7317139490619052,0.9436051359012839,0.854829451040817,2.0474570618642653,1.854829451040817,0.46086687407359145,0.7591575091575091,0.0,2.0,3.0,11,18564
sinusoidal_amp_025,89,20260717,60242,29758,3134,6640,20710,18862,18756,9015,6720,6787,22522,78.17334630532355,46.53122892822706,8381.269134775474,45.86729751935258,3928.9643171020775,0.9888161680342936,20.012186872589773,23.613063913005455,13.997721349707394,0.37385876962916237,187.8125,1255.0416666666667,785.8333333333334,635.0833333333334,147,115,32,14874,91,5489,0,0,0,0,32,0.7568384972108341,0.6847257691839961,0.9190805833725385,0.8315091815639061,2.024396800860273,1.8315091815639062,0.454002191162312,0.7388930124058954,0.0,2.0,3.0,11,18862
sinusoidal_amp_025,90,20260718,60973,29984,3029,7017,20943,18684,18731,9384,7090,7014,23488,80.47188466441428,48.758692153113564,8268.945135087886,48.456356428149896,3967.1679671019297,0.9910372659781047,20.72706839066756,24.72478474552553,14.35894179764086,0.38521968740262086,195.5,1270.2708333333333,780.9375,645.6041666666666,128,96,32,14780,79,5484,0,0,0,0,32,0.7833511205976521,0.7114772968224639,0.9324973319103522,0.8469390846030351,2.0335178762006403,1.8469390846030351,0.4585636265232152,0.76252408477842,0.0,2.0,3.0,12,18684
sinusoidal_amp_025,91,20260719,61130,29857,3100,6888,21285,18765,18820,9345,6950,7185,23480,80.79983244425289,49.10598413815594,8330.669704331622,48.02651440092603,3963.788655796739,0.9904327595655507,20.826114307578205,24.84539670992162,14.39235242120354,0.38409946016685753,194.6875,1273.5416666666667,784.375,651.5208333333334,112,80,32,14861,73,5367,0,0,0,0,32,0.7864152460059618,0.7124434869678672,0.9435978162574941,0.8548411566586764,2.047426064239542,1.8548411566586764,0.4608702764600033,0.7698907540634159,0.0,2.0,3.0,9,18765
sinusoidal_amp_025,92,20260720,61064,30000,3126,6930,21008,18624,18846,9440,7003,7098,23541,80.68309478147161,48.9800850623462,8252.835679573805,47.797518872154676,3966.910407872309,0.9907190537226575,20.789713612771013,24.89826649340169,14.250166591096846,0.3855135595440849,196.66666666666666,1272.1666666666667,781.7291666666666,647.1666666666666,111,79,32,14671,80,5596,0,0,0,0,32,0.7847,0.7106502445209201,0.9312666666666667,0.8433858600495079,2.0354666666666668,1.8433858600495079,0.457519979038386,0.7533290378006873,0.0,2.0,3.0,12,18624
sinusoidal_amp_025,93,20260721,60602,29832,3082,6814,20874,18920,18658,9139,6886,6904,22929,79.50398629884604,47.836811399862206,8390.014250369219,46.86004729135961,3943.2644509738584,0.9895992155932483,20.465891734754607,24.320016464555604,14.14942354615232,0.37835384970793046,190.39583333333334,1262.5416666666667,784.8541666666666,641.0416666666666,130,98,32,14955,84,5354,0,0,0,0,32,0.7686041834271923,0.696633651333779,0.9281308661839636,0.8412225800571186,2.031442746044516,1.8412225800571185,0.45688261113494605,0.7564482029598308,0.0,2.0,3.0,10,18920
sinusoidal_amp_025,94,20260722,60509,29548,3125,6965,20871,18614,18523,9206,7030,7073,23309,80.44336166978573,48.743982936622245,8265.154193145469,48.5501858644509,3936.5257280777837,0.9906055854113651,20.8834430124283,24.884408013267425,14.508916553285374,0.3852154224991324,191.79166666666666,1260.6041666666667,775.0,645.0208333333334,103,71,32,14699,81,5401,0,0,0,0,32,0.7888520373629349,0.7134025035962416,0.942060376336808,0.8519572735898142,2.047820495465006,1.8519572735898142,0.46003073922887505,0.7689910819813044,0.0,2.0,3.0,9,18614
sinusoidal_amp_025,95,20260723,61075,29884,3072,7044,21075,18601,18849,9477,7118,6931,23526,80.95817966817093,49.238232483212045,8274.840125531864,48.67127571643587,3982.6115546875385,0.991248349529921,20.899937569232815,24.99786435141001,14.376628974803857,0.3851985264019648,197.4375,1272.3958333333333,782.2708333333334,649.8125,132,100,32,14694,79,5405,0,0,0,0,32,0.7872440101726677,0.7138609054496905,0.9409382947396601,0.8532285471537808,2.043735778342926,1.8532285471537808,0.46040114613180516,0.7640987043707328,0.0,2.0,3.0,9,18601
sinusoidal_amp_025,96,20260724,60617,29641,3094,6895,20987,18719,18685,9164,6964,7000,23128,80.50919366689565,48.894256598637135,8220.011523662462,47.39659316912792,3934.3506337185513,0.9879667833831219,20.905256347985745,24.885359995330628,14.46839207847312,0.3815431314647706,190.91666666666666,1262.8541666666667,781.0208333333334,645.3333333333334,126,94,32,14787,78,5374,0,0,0,0,32,0.7802705711683141,0.7065220711776387,0.940656523059276,0.8517488926225752,2.0450389662966835,1.8517488926225751,0.4599699754194368,0.7700731876702815,0.0,2.0,3.0,10,18719
sinusoidal_amp_025,97,20260725,60265,29540,3017,6854,20854,18548,18596,9148,6926,6970,23044,79.16414645871588,47.50690940516471,8225.403223343972,48.12647677802482,3912.2664800743714,0.9892886579234307,20.435755849508443,24.32002344127437,14.174810031570853,0.3823778312453331,190.58333333333334,1255.5208333333333,775.4375,640.1041666666666,119,87,32,14672,79,5376,0,0,0,0,32,0.7800947867298578,0.7078047731670608,0.9379823967501693,0.8510612157139785,2.0401150981719702,1.8510612157139785,0.45976935202854063,0.7595428078499029,0.0,2.0,3.0,10,18548
sinusoidal_amp_025,98,20260726,60128,29509,3169,6881,20569,18809,18390,9131,6964,6760,22855,78.9794093599866,47.38680462364306,8346.905962609899,47.89936288362366,3856.8836003871643,0.9872688980107037,20.431809151175337,23.986063885953957,14.646872731178396,0.3801057743480575,190.22916666666666,1252.6666666666667,776.5208333333334,637.8958333333334,116,84,32,14745,87,5268,0,0,0,0,32,0.7745094716866041,0.6994002080910704,0.9302246772171202,0.8400146887814431,2.0376156426852825,1.8400146887814433,0.45652607770090475,0.7612313254293157,0.0,2.0,3.0,10,18809
sinusoidal_amp_025,99,20260727,59766,29511,3076,6579,20600,18911,18433,8953,6654,6751,22358,78.37148776040885,46.71239394904509,8412.031901516259,45.35915588256335,3842.07818207855,0.989346681605157,20.25588228017366,23.92517244519861,14.127160036561003,0.3740922932771141,186.52083333333334,1245.125,779.3333333333334,630.3125,109,77,32,14981,83,5260,0,0,0,0,32,0.7576158042763715,0.6861018197440697,0.9209786181423876,0.8340442507748489,2.025210938294195,1.834044250774849,0.454756885185557,0.7489820739252288,0.0,2.0,3.0,10,18911
